jsonstat,.,|
label,Població. Per sexe i edat any a any. Catalunya
source,Idescat. Estimacions de població.
updated,2024-11-04
dimension,SEMESTER,semestre,3,2023S2,S2/2023,2024S1,S1/2024,2024S2,S2/2024,time
dimension,CAT,Catalunya,1,TOTAL,Catalunya,geo
dimension,AGE,edat,102,Y000,0 anys,Y001,1 any,Y002,2 anys,Y003,3 anys,Y004,4 anys,Y005,5 anys,Y006,6 anys,Y007,7 anys,Y008,8 anys,Y009,9 anys,Y010,10 anys,Y011,11 anys,Y012,12 anys,Y013,13 anys,Y014,14 anys,Y015,15 anys,Y016,16 anys,Y017,17 anys,Y018,18 anys,Y019,19 anys,Y020,20 anys,Y021,21 anys,Y022,22 anys,Y023,23 anys,Y024,24 anys,Y025,25 anys,Y026,26 anys,Y027,27 anys,Y028,28 anys,Y029,29 anys,Y030,30 anys,Y031,31 anys,Y032,32 anys,Y033,33 anys,Y034,34 anys,Y035,35 anys,Y036,36 anys,Y037,37 anys,Y038,38 anys,Y039,39 anys,Y040,40 anys,Y041,41 anys,Y042,42 anys,Y043,43 anys,Y044,44 anys,Y045,45 anys,Y046,46 anys,Y047,47 anys,Y048,48 anys,Y049,49 anys,Y050,50 anys,Y051,51 anys,Y052,52 anys,Y053,53 anys,Y054,54 anys,Y055,55 anys,Y056,56 anys,Y057,57 anys,Y058,58 anys,Y059,59 anys,Y060,60 anys,Y061,61 anys,Y062,62 anys,Y063,63 anys,Y064,64 anys,Y065,65 anys,Y066,66 anys,Y067,67 anys,Y068,68 anys,Y069,69 anys,Y070,70 anys,Y071,71 anys,Y072,72 anys,Y073,73 anys,Y074,74 anys,Y075,75 anys,Y076,76 anys,Y077,77 anys,Y078,78 anys,Y079,79 anys,Y080,80 anys,Y081,81 anys,Y082,82 anys,Y083,83 anys,Y084,84 anys,Y085,85 anys,Y086,86 anys,Y087,87 anys,Y088,88 anys,Y089,89 anys,Y090,90 anys,Y091,91 anys,Y092,92 anys,Y093,93 anys,Y094,94 anys,Y095,95 anys,Y096,96 anys,Y097,97 anys,Y098,98 anys,Y099,99 anys,Y_GE100,100 anys o més,TOTAL,total
dimension,SEX,sexe,3,M,homes,F,dones,TOTAL,total
dimension,CONCEPT,concepte,1,POP,població,metric,0
data
SEMESTER,CAT,AGE,SEX,CONCEPT,status,value
2023S2,TOTAL,Y000,M,POP,p,28514
2023S2,TOTAL,Y000,F,POP,p,27026
2023S2,TOTAL,Y000,TOTAL,POP,p,55540
2023S2,TOTAL,Y001,M,POP,p,30559
2023S2,TOTAL,Y001,F,POP,p,28646
2023S2,TOTAL,Y001,TOTAL,POP,p,59205
2023S2,TOTAL,Y002,M,POP,p,31136
2023S2,TOTAL,Y002,F,POP,p,29625
2023S2,TOTAL,Y002,TOTAL,POP,p,60761
2023S2,TOTAL,Y003,M,POP,p,32218
2023S2,TOTAL,Y003,F,POP,p,30820
2023S2,TOTAL,Y003,TOTAL,POP,p,63038
2023S2,TOTAL,Y004,M,POP,p,34022
2023S2,TOTAL,Y004,F,POP,p,32482
2023S2,TOTAL,Y004,TOTAL,POP,p,66504
2023S2,TOTAL,Y005,M,POP,p,35821
2023S2,TOTAL,Y005,F,POP,p,34014
2023S2,TOTAL,Y005,TOTAL,POP,p,69835
2023S2,TOTAL,Y006,M,POP,p,37818
2023S2,TOTAL,Y006,F,POP,p,35769
2023S2,TOTAL,Y006,TOTAL,POP,p,73587
2023S2,TOTAL,Y007,M,POP,p,39287
2023S2,TOTAL,Y007,F,POP,p,37077
2023S2,TOTAL,Y007,TOTAL,POP,p,76364
2023S2,TOTAL,Y008,M,POP,p,40435
2023S2,TOTAL,Y008,F,POP,p,37736
2023S2,TOTAL,Y008,TOTAL,POP,p,78171
2023S2,TOTAL,Y009,M,POP,p,40584
2023S2,TOTAL,Y009,F,POP,p,37950
2023S2,TOTAL,Y009,TOTAL,POP,p,78534
2023S2,TOTAL,Y010,M,POP,p,41604
2023S2,TOTAL,Y010,F,POP,p,39043
2023S2,TOTAL,Y010,TOTAL,POP,p,80647
2023S2,TOTAL,Y011,M,POP,p,43382
2023S2,TOTAL,Y011,F,POP,p,40768
2023S2,TOTAL,Y011,TOTAL,POP,p,84150
2023S2,TOTAL,Y012,M,POP,p,44629
2023S2,TOTAL,Y012,F,POP,p,41840
2023S2,TOTAL,Y012,TOTAL,POP,p,86469
2023S2,TOTAL,Y013,M,POP,p,45641
2023S2,TOTAL,Y013,F,POP,p,42338
2023S2,TOTAL,Y013,TOTAL,POP,p,87979
2023S2,TOTAL,Y014,M,POP,p,46592
2023S2,TOTAL,Y014,F,POP,p,43428
2023S2,TOTAL,Y014,TOTAL,POP,p,90020
2023S2,TOTAL,Y015,M,POP,p,46455
2023S2,TOTAL,Y015,F,POP,p,43469
2023S2,TOTAL,Y015,TOTAL,POP,p,89924
2023S2,TOTAL,Y016,M,POP,p,45837
2023S2,TOTAL,Y016,F,POP,p,42602
2023S2,TOTAL,Y016,TOTAL,POP,p,88439
2023S2,TOTAL,Y017,M,POP,p,46226
2023S2,TOTAL,Y017,F,POP,p,42417
2023S2,TOTAL,Y017,TOTAL,POP,p,88643
2023S2,TOTAL,Y018,M,POP,p,46370
2023S2,TOTAL,Y018,F,POP,p,42482
2023S2,TOTAL,Y018,TOTAL,POP,p,88852
2023S2,TOTAL,Y019,M,POP,p,46265
2023S2,TOTAL,Y019,F,POP,p,42533
2023S2,TOTAL,Y019,TOTAL,POP,p,88798
2023S2,TOTAL,Y020,M,POP,p,45747
2023S2,TOTAL,Y020,F,POP,p,41691
2023S2,TOTAL,Y020,TOTAL,POP,p,87438
2023S2,TOTAL,Y021,M,POP,p,45307
2023S2,TOTAL,Y021,F,POP,p,41284
2023S2,TOTAL,Y021,TOTAL,POP,p,86591
2023S2,TOTAL,Y022,M,POP,p,45648
2023S2,TOTAL,Y022,F,POP,p,42181
2023S2,TOTAL,Y022,TOTAL,POP,p,87829
2023S2,TOTAL,Y023,M,POP,p,45774
2023S2,TOTAL,Y023,F,POP,p,42841
2023S2,TOTAL,Y023,TOTAL,POP,p,88615
2023S2,TOTAL,Y024,M,POP,p,45373
2023S2,TOTAL,Y024,F,POP,p,42484
2023S2,TOTAL,Y024,TOTAL,POP,p,87857
2023S2,TOTAL,Y025,M,POP,p,45811
2023S2,TOTAL,Y025,F,POP,p,43128
2023S2,TOTAL,Y025,TOTAL,POP,p,88939
2023S2,TOTAL,Y026,M,POP,p,46402
2023S2,TOTAL,Y026,F,POP,p,43931
2023S2,TOTAL,Y026,TOTAL,POP,p,90333
2023S2,TOTAL,Y027,M,POP,p,46782
2023S2,TOTAL,Y027,F,POP,p,44407
2023S2,TOTAL,Y027,TOTAL,POP,p,91189
2023S2,TOTAL,Y028,M,POP,p,47545
2023S2,TOTAL,Y028,F,POP,p,45696
2023S2,TOTAL,Y028,TOTAL,POP,p,93241
2023S2,TOTAL,Y029,M,POP,p,48439
2023S2,TOTAL,Y029,F,POP,p,46873
2023S2,TOTAL,Y029,TOTAL,POP,p,95312
2023S2,TOTAL,Y030,M,POP,p,49586
2023S2,TOTAL,Y030,F,POP,p,47911
2023S2,TOTAL,Y030,TOTAL,POP,p,97497
2023S2,TOTAL,Y031,M,POP,p,49994
2023S2,TOTAL,Y031,F,POP,p,48225
2023S2,TOTAL,Y031,TOTAL,POP,p,98219
2023S2,TOTAL,Y032,M,POP,p,49907
2023S2,TOTAL,Y032,F,POP,p,48322
2023S2,TOTAL,Y032,TOTAL,POP,p,98229
2023S2,TOTAL,Y033,M,POP,p,50096
2023S2,TOTAL,Y033,F,POP,p,48939
2023S2,TOTAL,Y033,TOTAL,POP,p,99035
2023S2,TOTAL,Y034,M,POP,p,50246
2023S2,TOTAL,Y034,F,POP,p,49615
2023S2,TOTAL,Y034,TOTAL,POP,p,99861
2023S2,TOTAL,Y035,M,POP,p,50655
2023S2,TOTAL,Y035,F,POP,p,50060
2023S2,TOTAL,Y035,TOTAL,POP,p,100715
2023S2,TOTAL,Y036,M,POP,p,50605
2023S2,TOTAL,Y036,F,POP,p,50580
2023S2,TOTAL,Y036,TOTAL,POP,p,101185
2023S2,TOTAL,Y037,M,POP,p,51538
2023S2,TOTAL,Y037,F,POP,p,51842
2023S2,TOTAL,Y037,TOTAL,POP,p,103380
2023S2,TOTAL,Y038,M,POP,p,53070
2023S2,TOTAL,Y038,F,POP,p,52974
2023S2,TOTAL,Y038,TOTAL,POP,p,106044
2023S2,TOTAL,Y039,M,POP,p,54144
2023S2,TOTAL,Y039,F,POP,p,54231
2023S2,TOTAL,Y039,TOTAL,POP,p,108375
2023S2,TOTAL,Y040,M,POP,p,56482
2023S2,TOTAL,Y040,F,POP,p,56281
2023S2,TOTAL,Y040,TOTAL,POP,p,112763
2023S2,TOTAL,Y041,M,POP,p,59435
2023S2,TOTAL,Y041,F,POP,p,58433
2023S2,TOTAL,Y041,TOTAL,POP,p,117868
2023S2,TOTAL,Y042,M,POP,p,61956
2023S2,TOTAL,Y042,F,POP,p,60861
2023S2,TOTAL,Y042,TOTAL,POP,p,122817
2023S2,TOTAL,Y043,M,POP,p,64266
2023S2,TOTAL,Y043,F,POP,p,63084
2023S2,TOTAL,Y043,TOTAL,POP,p,127350
2023S2,TOTAL,Y044,M,POP,p,67095
2023S2,TOTAL,Y044,F,POP,p,65018
2023S2,TOTAL,Y044,TOTAL,POP,p,132113
2023S2,TOTAL,Y045,M,POP,p,69267
2023S2,TOTAL,Y045,F,POP,p,66781
2023S2,TOTAL,Y045,TOTAL,POP,p,136048
2023S2,TOTAL,Y046,M,POP,p,70070
2023S2,TOTAL,Y046,F,POP,p,67572
2023S2,TOTAL,Y046,TOTAL,POP,p,137642
2023S2,TOTAL,Y047,M,POP,p,70522
2023S2,TOTAL,Y047,F,POP,p,67810
2023S2,TOTAL,Y047,TOTAL,POP,p,138332
2023S2,TOTAL,Y048,M,POP,p,70118
2023S2,TOTAL,Y048,F,POP,p,67195
2023S2,TOTAL,Y048,TOTAL,POP,p,137313
2023S2,TOTAL,Y049,M,POP,p,68157
2023S2,TOTAL,Y049,F,POP,p,65618
2023S2,TOTAL,Y049,TOTAL,POP,p,133775
2023S2,TOTAL,Y050,M,POP,p,66167
2023S2,TOTAL,Y050,F,POP,p,64040
2023S2,TOTAL,Y050,TOTAL,POP,p,130207
2023S2,TOTAL,Y051,M,POP,p,64563
2023S2,TOTAL,Y051,F,POP,p,62492
2023S2,TOTAL,Y051,TOTAL,POP,p,127055
2023S2,TOTAL,Y052,M,POP,p,62754
2023S2,TOTAL,Y052,F,POP,p,61038
2023S2,TOTAL,Y052,TOTAL,POP,p,123792
2023S2,TOTAL,Y053,M,POP,p,60804
2023S2,TOTAL,Y053,F,POP,p,59719
2023S2,TOTAL,Y053,TOTAL,POP,p,120523
2023S2,TOTAL,Y054,M,POP,p,59012
2023S2,TOTAL,Y054,F,POP,p,58301
2023S2,TOTAL,Y054,TOTAL,POP,p,117313
2023S2,TOTAL,Y055,M,POP,p,58171
2023S2,TOTAL,Y055,F,POP,p,57884
2023S2,TOTAL,Y055,TOTAL,POP,p,116055
2023S2,TOTAL,Y056,M,POP,p,57119
2023S2,TOTAL,Y056,F,POP,p,57142
2023S2,TOTAL,Y056,TOTAL,POP,p,114261
2023S2,TOTAL,Y057,M,POP,p,55550
2023S2,TOTAL,Y057,F,POP,p,56047
2023S2,TOTAL,Y057,TOTAL,POP,p,111597
2023S2,TOTAL,Y058,M,POP,p,54748
2023S2,TOTAL,Y058,F,POP,p,55874
2023S2,TOTAL,Y058,TOTAL,POP,p,110622
2023S2,TOTAL,Y059,M,POP,p,52514
2023S2,TOTAL,Y059,F,POP,p,54420
2023S2,TOTAL,Y059,TOTAL,POP,p,106934
2023S2,TOTAL,Y060,M,POP,p,49579
2023S2,TOTAL,Y060,F,POP,p,52157
2023S2,TOTAL,Y060,TOTAL,POP,p,101736
2023S2,TOTAL,Y061,M,POP,p,47654
2023S2,TOTAL,Y061,F,POP,p,50872
2023S2,TOTAL,Y061,TOTAL,POP,p,98526
2023S2,TOTAL,Y062,M,POP,p,46413
2023S2,TOTAL,Y062,F,POP,p,50285
2023S2,TOTAL,Y062,TOTAL,POP,p,96698
2023S2,TOTAL,Y063,M,POP,p,45501
2023S2,TOTAL,Y063,F,POP,p,49794
2023S2,TOTAL,Y063,TOTAL,POP,p,95295
2023S2,TOTAL,Y064,M,POP,p,44256
2023S2,TOTAL,Y064,F,POP,p,48837
2023S2,TOTAL,Y064,TOTAL,POP,p,93093
2023S2,TOTAL,Y065,M,POP,p,43044
2023S2,TOTAL,Y065,F,POP,p,47745
2023S2,TOTAL,Y065,TOTAL,POP,p,90789
2023S2,TOTAL,Y066,M,POP,p,40696
2023S2,TOTAL,Y066,F,POP,p,45620
2023S2,TOTAL,Y066,TOTAL,POP,p,86316
2023S2,TOTAL,Y067,M,POP,p,38514
2023S2,TOTAL,Y067,F,POP,p,43590
2023S2,TOTAL,Y067,TOTAL,POP,p,82104
2023S2,TOTAL,Y068,M,POP,p,37041
2023S2,TOTAL,Y068,F,POP,p,42411
2023S2,TOTAL,Y068,TOTAL,POP,p,79452
2023S2,TOTAL,Y069,M,POP,p,35980
2023S2,TOTAL,Y069,F,POP,p,41515
2023S2,TOTAL,Y069,TOTAL,POP,p,77495
2023S2,TOTAL,Y070,M,POP,p,35364
2023S2,TOTAL,Y070,F,POP,p,41110
2023S2,TOTAL,Y070,TOTAL,POP,p,76474
2023S2,TOTAL,Y071,M,POP,p,33705
2023S2,TOTAL,Y071,F,POP,p,39735
2023S2,TOTAL,Y071,TOTAL,POP,p,73440
2023S2,TOTAL,Y072,M,POP,p,31587
2023S2,TOTAL,Y072,F,POP,p,37856
2023S2,TOTAL,Y072,TOTAL,POP,p,69443
2023S2,TOTAL,Y073,M,POP,p,31313
2023S2,TOTAL,Y073,F,POP,p,37909
2023S2,TOTAL,Y073,TOTAL,POP,p,69222
2023S2,TOTAL,Y074,M,POP,p,32204
2023S2,TOTAL,Y074,F,POP,p,39635
2023S2,TOTAL,Y074,TOTAL,POP,p,71839
2023S2,TOTAL,Y075,M,POP,p,31003
2023S2,TOTAL,Y075,F,POP,p,38654
2023S2,TOTAL,Y075,TOTAL,POP,p,69657
2023S2,TOTAL,Y076,M,POP,p,28109
2023S2,TOTAL,Y076,F,POP,p,35306
2023S2,TOTAL,Y076,TOTAL,POP,p,63415
2023S2,TOTAL,Y077,M,POP,p,27058
2023S2,TOTAL,Y077,F,POP,p,34667
2023S2,TOTAL,Y077,TOTAL,POP,p,61725
2023S2,TOTAL,Y078,M,POP,p,26020
2023S2,TOTAL,Y078,F,POP,p,34085
2023S2,TOTAL,Y078,TOTAL,POP,p,60105
2023S2,TOTAL,Y079,M,POP,p,23932
2023S2,TOTAL,Y079,F,POP,p,32035
2023S2,TOTAL,Y079,TOTAL,POP,p,55967
2023S2,TOTAL,Y080,M,POP,p,21164
2023S2,TOTAL,Y080,F,POP,p,28560
2023S2,TOTAL,Y080,TOTAL,POP,p,49724
2023S2,TOTAL,Y081,M,POP,p,18113
2023S2,TOTAL,Y081,F,POP,p,24921
2023S2,TOTAL,Y081,TOTAL,POP,p,43034
2023S2,TOTAL,Y082,M,POP,p,18696
2023S2,TOTAL,Y082,F,POP,p,26272
2023S2,TOTAL,Y082,TOTAL,POP,p,44968
2023S2,TOTAL,Y083,M,POP,p,15486
2023S2,TOTAL,Y083,F,POP,p,22187
2023S2,TOTAL,Y083,TOTAL,POP,p,37673
2023S2,TOTAL,Y084,M,POP,p,11250
2023S2,TOTAL,Y084,F,POP,p,17162
2023S2,TOTAL,Y084,TOTAL,POP,p,28412
2023S2,TOTAL,Y085,M,POP,p,12595
2023S2,TOTAL,Y085,F,POP,p,20062
2023S2,TOTAL,Y085,TOTAL,POP,p,32657
2023S2,TOTAL,Y086,M,POP,p,12866
2023S2,TOTAL,Y086,F,POP,p,21703
2023S2,TOTAL,Y086,TOTAL,POP,p,34569
2023S2,TOTAL,Y087,M,POP,p,11615
2023S2,TOTAL,Y087,F,POP,p,20539
2023S2,TOTAL,Y087,TOTAL,POP,p,32154
2023S2,TOTAL,Y088,M,POP,p,10019
2023S2,TOTAL,Y088,F,POP,p,18311
2023S2,TOTAL,Y088,TOTAL,POP,p,28330
2023S2,TOTAL,Y089,M,POP,p,8539
2023S2,TOTAL,Y089,F,POP,p,16662
2023S2,TOTAL,Y089,TOTAL,POP,p,25201
2023S2,TOTAL,Y090,M,POP,p,7234
2023S2,TOTAL,Y090,F,POP,p,14995
2023S2,TOTAL,Y090,TOTAL,POP,p,22229
2023S2,TOTAL,Y091,M,POP,p,5874
2023S2,TOTAL,Y091,F,POP,p,12955
2023S2,TOTAL,Y091,TOTAL,POP,p,18829
2023S2,TOTAL,Y092,M,POP,p,4559
2023S2,TOTAL,Y092,F,POP,p,10946
2023S2,TOTAL,Y092,TOTAL,POP,p,15505
2023S2,TOTAL,Y093,M,POP,p,3411
2023S2,TOTAL,Y093,F,POP,p,8792
2023S2,TOTAL,Y093,TOTAL,POP,p,12203
2023S2,TOTAL,Y094,M,POP,p,2477
2023S2,TOTAL,Y094,F,POP,p,6826
2023S2,TOTAL,Y094,TOTAL,POP,p,9303
2023S2,TOTAL,Y095,M,POP,p,1786
2023S2,TOTAL,Y095,F,POP,p,5321
2023S2,TOTAL,Y095,TOTAL,POP,p,7107
2023S2,TOTAL,Y096,M,POP,p,1207
2023S2,TOTAL,Y096,F,POP,p,3999
2023S2,TOTAL,Y096,TOTAL,POP,p,5206
2023S2,TOTAL,Y097,M,POP,p,816
2023S2,TOTAL,Y097,F,POP,p,2955
2023S2,TOTAL,Y097,TOTAL,POP,p,3771
2023S2,TOTAL,Y098,M,POP,p,539
2023S2,TOTAL,Y098,F,POP,p,2079
2023S2,TOTAL,Y098,TOTAL,POP,p,2618
2023S2,TOTAL,Y099,M,POP,p,327
2023S2,TOTAL,Y099,F,POP,p,1419
2023S2,TOTAL,Y099,TOTAL,POP,p,1746
2023S2,TOTAL,Y_GE100,M,POP,p,431
2023S2,TOTAL,Y_GE100,F,POP,p,2248
2023S2,TOTAL,Y_GE100,TOTAL,POP,p,2679
2023S2,TOTAL,TOTAL,M,POP,p,3922811
2023S2,TOTAL,TOTAL,F,POP,p,4047622
2023S2,TOTAL,TOTAL,TOTAL,POP,p,7970433
2024S1,TOTAL,Y000,M,POP,p,28003
2024S1,TOTAL,Y000,F,POP,p,26414
2024S1,TOTAL,Y000,TOTAL,POP,p,54417
2024S1,TOTAL,Y001,M,POP,p,30039
2024S1,TOTAL,Y001,F,POP,p,28086
2024S1,TOTAL,Y001,TOTAL,POP,p,58125
2024S1,TOTAL,Y002,M,POP,p,30553
2024S1,TOTAL,Y002,F,POP,p,28918
2024S1,TOTAL,Y002,TOTAL,POP,p,59471
2024S1,TOTAL,Y003,M,POP,p,31214
2024S1,TOTAL,Y003,F,POP,p,30053
2024S1,TOTAL,Y003,TOTAL,POP,p,61267
2024S1,TOTAL,Y004,M,POP,p,32909
2024S1,TOTAL,Y004,F,POP,p,31511
2024S1,TOTAL,Y004,TOTAL,POP,p,64420
2024S1,TOTAL,Y005,M,POP,p,34695
2024S1,TOTAL,Y005,F,POP,p,33295
2024S1,TOTAL,Y005,TOTAL,POP,p,67990
2024S1,TOTAL,Y006,M,POP,p,37245
2024S1,TOTAL,Y006,F,POP,p,35158
2024S1,TOTAL,Y006,TOTAL,POP,p,72403
2024S1,TOTAL,Y007,M,POP,p,38855
2024S1,TOTAL,Y007,F,POP,p,36789
2024S1,TOTAL,Y007,TOTAL,POP,p,75644
2024S1,TOTAL,Y008,M,POP,p,40229
2024S1,TOTAL,Y008,F,POP,p,37771
2024S1,TOTAL,Y008,TOTAL,POP,p,78000
2024S1,TOTAL,Y009,M,POP,p,41138
2024S1,TOTAL,Y009,F,POP,p,38252
2024S1,TOTAL,Y009,TOTAL,POP,p,79390
2024S1,TOTAL,Y010,M,POP,p,40534
2024S1,TOTAL,Y010,F,POP,p,38225
2024S1,TOTAL,Y010,TOTAL,POP,p,78759
2024S1,TOTAL,Y011,M,POP,p,43179
2024S1,TOTAL,Y011,F,POP,p,40352
2024S1,TOTAL,Y011,TOTAL,POP,p,83531
2024S1,TOTAL,Y012,M,POP,p,44102
2024S1,TOTAL,Y012,F,POP,p,41696
2024S1,TOTAL,Y012,TOTAL,POP,p,85798
2024S1,TOTAL,Y013,M,POP,p,45665
2024S1,TOTAL,Y013,F,POP,p,42461
2024S1,TOTAL,Y013,TOTAL,POP,p,88126
2024S1,TOTAL,Y014,M,POP,p,46154
2024S1,TOTAL,Y014,F,POP,p,42626
2024S1,TOTAL,Y014,TOTAL,POP,p,88780
2024S1,TOTAL,Y015,M,POP,p,47620
2024S1,TOTAL,Y015,F,POP,p,44739
2024S1,TOTAL,Y015,TOTAL,POP,p,92359
2024S1,TOTAL,Y016,M,POP,p,46073
2024S1,TOTAL,Y016,F,POP,p,42807
2024S1,TOTAL,Y016,TOTAL,POP,p,88880
2024S1,TOTAL,Y017,M,POP,p,46750
2024S1,TOTAL,Y017,F,POP,p,43054
2024S1,TOTAL,Y017,TOTAL,POP,p,89804
2024S1,TOTAL,Y018,M,POP,p,47431
2024S1,TOTAL,Y018,F,POP,p,43019
2024S1,TOTAL,Y018,TOTAL,POP,p,90450
2024S1,TOTAL,Y019,M,POP,p,47133
2024S1,TOTAL,Y019,F,POP,p,43705
2024S1,TOTAL,Y019,TOTAL,POP,p,90838
2024S1,TOTAL,Y020,M,POP,p,46969
2024S1,TOTAL,Y020,F,POP,p,42956
2024S1,TOTAL,Y020,TOTAL,POP,p,89925
2024S1,TOTAL,Y021,M,POP,p,46279
2024S1,TOTAL,Y021,F,POP,p,42041
2024S1,TOTAL,Y021,TOTAL,POP,p,88320
2024S1,TOTAL,Y022,M,POP,p,46242
2024S1,TOTAL,Y022,F,POP,p,42464
2024S1,TOTAL,Y022,TOTAL,POP,p,88706
2024S1,TOTAL,Y023,M,POP,p,47262
2024S1,TOTAL,Y023,F,POP,p,44070
2024S1,TOTAL,Y023,TOTAL,POP,p,91332
2024S1,TOTAL,Y024,M,POP,p,46690
2024S1,TOTAL,Y024,F,POP,p,43778
2024S1,TOTAL,Y024,TOTAL,POP,p,90468
2024S1,TOTAL,Y025,M,POP,p,46589
2024S1,TOTAL,Y025,F,POP,p,43312
2024S1,TOTAL,Y025,TOTAL,POP,p,89901
2024S1,TOTAL,Y026,M,POP,p,47549
2024S1,TOTAL,Y026,F,POP,p,45206
2024S1,TOTAL,Y026,TOTAL,POP,p,92755
2024S1,TOTAL,Y027,M,POP,p,47717
2024S1,TOTAL,Y027,F,POP,p,45006
2024S1,TOTAL,Y027,TOTAL,POP,p,92723
2024S1,TOTAL,Y028,M,POP,p,48163
2024S1,TOTAL,Y028,F,POP,p,46049
2024S1,TOTAL,Y028,TOTAL,POP,p,94212
2024S1,TOTAL,Y029,M,POP,p,49180
2024S1,TOTAL,Y029,F,POP,p,47418
2024S1,TOTAL,Y029,TOTAL,POP,p,96598
2024S1,TOTAL,Y030,M,POP,p,49898
2024S1,TOTAL,Y030,F,POP,p,48061
2024S1,TOTAL,Y030,TOTAL,POP,p,97959
2024S1,TOTAL,Y031,M,POP,p,51282
2024S1,TOTAL,Y031,F,POP,p,49353
2024S1,TOTAL,Y031,TOTAL,POP,p,100635
2024S1,TOTAL,Y032,M,POP,p,50479
2024S1,TOTAL,Y032,F,POP,p,48665
2024S1,TOTAL,Y032,TOTAL,POP,p,99144
2024S1,TOTAL,Y033,M,POP,p,50937
2024S1,TOTAL,Y033,F,POP,p,49462
2024S1,TOTAL,Y033,TOTAL,POP,p,100399
2024S1,TOTAL,Y034,M,POP,p,50781
2024S1,TOTAL,Y034,F,POP,p,49787
2024S1,TOTAL,Y034,TOTAL,POP,p,100568
2024S1,TOTAL,Y035,M,POP,p,51144
2024S1,TOTAL,Y035,F,POP,p,50662
2024S1,TOTAL,Y035,TOTAL,POP,p,101806
2024S1,TOTAL,Y036,M,POP,p,51446
2024S1,TOTAL,Y036,F,POP,p,50451
2024S1,TOTAL,Y036,TOTAL,POP,p,101897
2024S1,TOTAL,Y037,M,POP,p,51095
2024S1,TOTAL,Y037,F,POP,p,51603
2024S1,TOTAL,Y037,TOTAL,POP,p,102698
2024S1,TOTAL,Y038,M,POP,p,53086
2024S1,TOTAL,Y038,F,POP,p,52861
2024S1,TOTAL,Y038,TOTAL,POP,p,105947
2024S1,TOTAL,Y039,M,POP,p,53915
2024S1,TOTAL,Y039,F,POP,p,53858
2024S1,TOTAL,Y039,TOTAL,POP,p,107773
2024S1,TOTAL,Y040,M,POP,p,55175
2024S1,TOTAL,Y040,F,POP,p,55293
2024S1,TOTAL,Y040,TOTAL,POP,p,110468
2024S1,TOTAL,Y041,M,POP,p,58476
2024S1,TOTAL,Y041,F,POP,p,57820
2024S1,TOTAL,Y041,TOTAL,POP,p,116296
2024S1,TOTAL,Y042,M,POP,p,60835
2024S1,TOTAL,Y042,F,POP,p,59557
2024S1,TOTAL,Y042,TOTAL,POP,p,120392
2024S1,TOTAL,Y043,M,POP,p,63433
2024S1,TOTAL,Y043,F,POP,p,62667
2024S1,TOTAL,Y043,TOTAL,POP,p,126100
2024S1,TOTAL,Y044,M,POP,p,65502
2024S1,TOTAL,Y044,F,POP,p,63899
2024S1,TOTAL,Y044,TOTAL,POP,p,129401
2024S1,TOTAL,Y045,M,POP,p,68858
2024S1,TOTAL,Y045,F,POP,p,66570
2024S1,TOTAL,Y045,TOTAL,POP,p,135428
2024S1,TOTAL,Y046,M,POP,p,69750
2024S1,TOTAL,Y046,F,POP,p,67338
2024S1,TOTAL,Y046,TOTAL,POP,p,137088
2024S1,TOTAL,Y047,M,POP,p,70476
2024S1,TOTAL,Y047,F,POP,p,67992
2024S1,TOTAL,Y047,TOTAL,POP,p,138468
2024S1,TOTAL,Y048,M,POP,p,70539
2024S1,TOTAL,Y048,F,POP,p,67894
2024S1,TOTAL,Y048,TOTAL,POP,p,138433
2024S1,TOTAL,Y049,M,POP,p,69546
2024S1,TOTAL,Y049,F,POP,p,66763
2024S1,TOTAL,Y049,TOTAL,POP,p,136309
2024S1,TOTAL,Y050,M,POP,p,66653
2024S1,TOTAL,Y050,F,POP,p,64717
2024S1,TOTAL,Y050,TOTAL,POP,p,131370
2024S1,TOTAL,Y051,M,POP,p,65521
2024S1,TOTAL,Y051,F,POP,p,63623
2024S1,TOTAL,Y051,TOTAL,POP,p,129144
2024S1,TOTAL,Y052,M,POP,p,63401
2024S1,TOTAL,Y052,F,POP,p,61603
2024S1,TOTAL,Y052,TOTAL,POP,p,125004
2024S1,TOTAL,Y053,M,POP,p,61904
2024S1,TOTAL,Y053,F,POP,p,60614
2024S1,TOTAL,Y053,TOTAL,POP,p,122518
2024S1,TOTAL,Y054,M,POP,p,59441
2024S1,TOTAL,Y054,F,POP,p,58814
2024S1,TOTAL,Y054,TOTAL,POP,p,118255
2024S1,TOTAL,Y055,M,POP,p,58353
2024S1,TOTAL,Y055,F,POP,p,57882
2024S1,TOTAL,Y055,TOTAL,POP,p,116235
2024S1,TOTAL,Y056,M,POP,p,57772
2024S1,TOTAL,Y056,F,POP,p,57965
2024S1,TOTAL,Y056,TOTAL,POP,p,115737
2024S1,TOTAL,Y057,M,POP,p,56248
2024S1,TOTAL,Y057,F,POP,p,56326
2024S1,TOTAL,Y057,TOTAL,POP,p,112574
2024S1,TOTAL,Y058,M,POP,p,54623
2024S1,TOTAL,Y058,F,POP,p,55836
2024S1,TOTAL,Y058,TOTAL,POP,p,110459
2024S1,TOTAL,Y059,M,POP,p,54570
2024S1,TOTAL,Y059,F,POP,p,55931
2024S1,TOTAL,Y059,TOTAL,POP,p,110501
2024S1,TOTAL,Y060,M,POP,p,50121
2024S1,TOTAL,Y060,F,POP,p,52927
2024S1,TOTAL,Y060,TOTAL,POP,p,103048
2024S1,TOTAL,Y061,M,POP,p,48582
2024S1,TOTAL,Y061,F,POP,p,51442
2024S1,TOTAL,Y061,TOTAL,POP,p,100024
2024S1,TOTAL,Y062,M,POP,p,46235
2024S1,TOTAL,Y062,F,POP,p,50256
2024S1,TOTAL,Y062,TOTAL,POP,p,96491
2024S1,TOTAL,Y063,M,POP,p,46072
2024S1,TOTAL,Y063,F,POP,p,50187
2024S1,TOTAL,Y063,TOTAL,POP,p,96259
2024S1,TOTAL,Y064,M,POP,p,44368
2024S1,TOTAL,Y064,F,POP,p,49325
2024S1,TOTAL,Y064,TOTAL,POP,p,93693
2024S1,TOTAL,Y065,M,POP,p,43546
2024S1,TOTAL,Y065,F,POP,p,48346
2024S1,TOTAL,Y065,TOTAL,POP,p,91892
2024S1,TOTAL,Y066,M,POP,p,41915
2024S1,TOTAL,Y066,F,POP,p,47162
2024S1,TOTAL,Y066,TOTAL,POP,p,89077
2024S1,TOTAL,Y067,M,POP,p,38856
2024S1,TOTAL,Y067,F,POP,p,44058
2024S1,TOTAL,Y067,TOTAL,POP,p,82914
2024S1,TOTAL,Y068,M,POP,p,37536
2024S1,TOTAL,Y068,F,POP,p,43021
2024S1,TOTAL,Y068,TOTAL,POP,p,80557
2024S1,TOTAL,Y069,M,POP,p,35881
2024S1,TOTAL,Y069,F,POP,p,41654
2024S1,TOTAL,Y069,TOTAL,POP,p,77535
2024S1,TOTAL,Y070,M,POP,p,35409
2024S1,TOTAL,Y070,F,POP,p,41240
2024S1,TOTAL,Y070,TOTAL,POP,p,76649
2024S1,TOTAL,Y071,M,POP,p,34753
2024S1,TOTAL,Y071,F,POP,p,40872
2024S1,TOTAL,Y071,TOTAL,POP,p,75625
2024S1,TOTAL,Y072,M,POP,p,32117
2024S1,TOTAL,Y072,F,POP,p,38399
2024S1,TOTAL,Y072,TOTAL,POP,p,70516
2024S1,TOTAL,Y073,M,POP,p,30529
2024S1,TOTAL,Y073,F,POP,p,37193
2024S1,TOTAL,Y073,TOTAL,POP,p,67722
2024S1,TOTAL,Y074,M,POP,p,31408
2024S1,TOTAL,Y074,F,POP,p,38478
2024S1,TOTAL,Y074,TOTAL,POP,p,69886
2024S1,TOTAL,Y075,M,POP,p,32199
2024S1,TOTAL,Y075,F,POP,p,40513
2024S1,TOTAL,Y075,TOTAL,POP,p,72712
2024S1,TOTAL,Y076,M,POP,p,28986
2024S1,TOTAL,Y076,F,POP,p,36420
2024S1,TOTAL,Y076,TOTAL,POP,p,65406
2024S1,TOTAL,Y077,M,POP,p,26403
2024S1,TOTAL,Y077,F,POP,p,33826
2024S1,TOTAL,Y077,TOTAL,POP,p,60229
2024S1,TOTAL,Y078,M,POP,p,26849
2024S1,TOTAL,Y078,F,POP,p,35074
2024S1,TOTAL,Y078,TOTAL,POP,p,61923
2024S1,TOTAL,Y079,M,POP,p,24268
2024S1,TOTAL,Y079,F,POP,p,32545
2024S1,TOTAL,Y079,TOTAL,POP,p,56813
2024S1,TOTAL,Y080,M,POP,p,22662
2024S1,TOTAL,Y080,F,POP,p,30933
2024S1,TOTAL,Y080,TOTAL,POP,p,53595
2024S1,TOTAL,Y081,M,POP,p,18728
2024S1,TOTAL,Y081,F,POP,p,25523
2024S1,TOTAL,Y081,TOTAL,POP,p,44251
2024S1,TOTAL,Y082,M,POP,p,16612
2024S1,TOTAL,Y082,F,POP,p,23598
2024S1,TOTAL,Y082,TOTAL,POP,p,40210
2024S1,TOTAL,Y083,M,POP,p,19802
2024S1,TOTAL,Y083,F,POP,p,28091
2024S1,TOTAL,Y083,TOTAL,POP,p,47893
2024S1,TOTAL,Y084,M,POP,p,10281
2024S1,TOTAL,Y084,F,POP,p,15456
2024S1,TOTAL,Y084,TOTAL,POP,p,25737
2024S1,TOTAL,Y085,M,POP,p,11445
2024S1,TOTAL,Y085,F,POP,p,18067
2024S1,TOTAL,Y085,TOTAL,POP,p,29512
2024S1,TOTAL,Y086,M,POP,p,12724
2024S1,TOTAL,Y086,F,POP,p,20968
2024S1,TOTAL,Y086,TOTAL,POP,p,33692
2024S1,TOTAL,Y087,M,POP,p,11822
2024S1,TOTAL,Y087,F,POP,p,21159
2024S1,TOTAL,Y087,TOTAL,POP,p,32981
2024S1,TOTAL,Y088,M,POP,p,10232
2024S1,TOTAL,Y088,F,POP,p,18437
2024S1,TOTAL,Y088,TOTAL,POP,p,28669
2024S1,TOTAL,Y089,M,POP,p,8615
2024S1,TOTAL,Y089,F,POP,p,16536
2024S1,TOTAL,Y089,TOTAL,POP,p,25151
2024S1,TOTAL,Y090,M,POP,p,7315
2024S1,TOTAL,Y090,F,POP,p,15103
2024S1,TOTAL,Y090,TOTAL,POP,p,22418
2024S1,TOTAL,Y091,M,POP,p,6111
2024S1,TOTAL,Y091,F,POP,p,13215
2024S1,TOTAL,Y091,TOTAL,POP,p,19326
2024S1,TOTAL,Y092,M,POP,p,4713
2024S1,TOTAL,Y092,F,POP,p,11064
2024S1,TOTAL,Y092,TOTAL,POP,p,15777
2024S1,TOTAL,Y093,M,POP,p,3559
2024S1,TOTAL,Y093,F,POP,p,9301
2024S1,TOTAL,Y093,TOTAL,POP,p,12860
2024S1,TOTAL,Y094,M,POP,p,2534
2024S1,TOTAL,Y094,F,POP,p,6886
2024S1,TOTAL,Y094,TOTAL,POP,p,9420
2024S1,TOTAL,Y095,M,POP,p,1875
2024S1,TOTAL,Y095,F,POP,p,5471
2024S1,TOTAL,Y095,TOTAL,POP,p,7346
2024S1,TOTAL,Y096,M,POP,p,1251
2024S1,TOTAL,Y096,F,POP,p,4036
2024S1,TOTAL,Y096,TOTAL,POP,p,5287
2024S1,TOTAL,Y097,M,POP,p,856
2024S1,TOTAL,Y097,F,POP,p,3024
2024S1,TOTAL,Y097,TOTAL,POP,p,3880
2024S1,TOTAL,Y098,M,POP,p,569
2024S1,TOTAL,Y098,F,POP,p,2146
2024S1,TOTAL,Y098,TOTAL,POP,p,2715
2024S1,TOTAL,Y099,M,POP,p,358
2024S1,TOTAL,Y099,F,POP,p,1427
2024S1,TOTAL,Y099,TOTAL,POP,p,1785
2024S1,TOTAL,Y_GE100,M,POP,p,415
2024S1,TOTAL,Y_GE100,F,POP,p,2317
2024S1,TOTAL,Y_GE100,TOTAL,POP,p,2732
2024S1,TOTAL,TOTAL,M,POP,p,3945812
2024S1,TOTAL,TOTAL,F,POP,p,4070794
2024S1,TOTAL,TOTAL,TOTAL,POP,p,8016606
2024S2,TOTAL,Y000,M,POP,p,28421
2024S2,TOTAL,Y000,F,POP,p,26582
2024S2,TOTAL,Y000,TOTAL,POP,p,55003
2024S2,TOTAL,Y001,M,POP,p,29432
2024S2,TOTAL,Y001,F,POP,p,27626
2024S2,TOTAL,Y001,TOTAL,POP,p,57058
2024S2,TOTAL,Y002,M,POP,p,30698
2024S2,TOTAL,Y002,F,POP,p,28893
2024S2,TOTAL,Y002,TOTAL,POP,p,59591
2024S2,TOTAL,Y003,M,POP,p,31297
2024S2,TOTAL,Y003,F,POP,p,29925
2024S2,TOTAL,Y003,TOTAL,POP,p,61222
2024S2,TOTAL,Y004,M,POP,p,32177
2024S2,TOTAL,Y004,F,POP,p,30942
2024S2,TOTAL,Y004,TOTAL,POP,p,63119
2024S2,TOTAL,Y005,M,POP,p,33996
2024S2,TOTAL,Y005,F,POP,p,32542
2024S2,TOTAL,Y005,TOTAL,POP,p,66538
2024S2,TOTAL,Y006,M,POP,p,36140
2024S2,TOTAL,Y006,F,POP,p,34408
2024S2,TOTAL,Y006,TOTAL,POP,p,70548
2024S2,TOTAL,Y007,M,POP,p,38204
2024S2,TOTAL,Y007,F,POP,p,36175
2024S2,TOTAL,Y007,TOTAL,POP,p,74379
2024S2,TOTAL,Y008,M,POP,p,39764
2024S2,TOTAL,Y008,F,POP,p,37495
2024S2,TOTAL,Y008,TOTAL,POP,p,77259
2024S2,TOTAL,Y009,M,POP,p,40901
2024S2,TOTAL,Y009,F,POP,p,38257
2024S2,TOTAL,Y009,TOTAL,POP,p,79158
2024S2,TOTAL,Y010,M,POP,p,41055
2024S2,TOTAL,Y010,F,POP,p,38495
2024S2,TOTAL,Y010,TOTAL,POP,p,79550
2024S2,TOTAL,Y011,M,POP,p,42152
2024S2,TOTAL,Y011,F,POP,p,39571
2024S2,TOTAL,Y011,TOTAL,POP,p,81723
2024S2,TOTAL,Y012,M,POP,p,43983
2024S2,TOTAL,Y012,F,POP,p,41282
2024S2,TOTAL,Y012,TOTAL,POP,p,85265
2024S2,TOTAL,Y013,M,POP,p,45204
2024S2,TOTAL,Y013,F,POP,p,42336
2024S2,TOTAL,Y013,TOTAL,POP,p,87540
2024S2,TOTAL,Y014,M,POP,p,46195
2024S2,TOTAL,Y014,F,POP,p,42803
2024S2,TOTAL,Y014,TOTAL,POP,p,88998
2024S2,TOTAL,Y015,M,POP,p,47243
2024S2,TOTAL,Y015,F,POP,p,43933
2024S2,TOTAL,Y015,TOTAL,POP,p,91176
2024S2,TOTAL,Y016,M,POP,p,47410
2024S2,TOTAL,Y016,F,POP,p,44049
2024S2,TOTAL,Y016,TOTAL,POP,p,91459
2024S2,TOTAL,Y017,M,POP,p,47211
2024S2,TOTAL,Y017,F,POP,p,43251
2024S2,TOTAL,Y017,TOTAL,POP,p,90462
2024S2,TOTAL,Y018,M,POP,p,47959
2024S2,TOTAL,Y018,F,POP,p,43549
2024S2,TOTAL,Y018,TOTAL,POP,p,91508
2024S2,TOTAL,Y019,M,POP,p,48078
2024S2,TOTAL,Y019,F,POP,p,43993
2024S2,TOTAL,Y019,TOTAL,POP,p,92071
2024S2,TOTAL,Y020,M,POP,p,47848
2024S2,TOTAL,Y020,F,POP,p,43952
2024S2,TOTAL,Y020,TOTAL,POP,p,91800
2024S2,TOTAL,Y021,M,POP,p,47501
2024S2,TOTAL,Y021,F,POP,p,43152
2024S2,TOTAL,Y021,TOTAL,POP,p,90653
2024S2,TOTAL,Y022,M,POP,p,47205
2024S2,TOTAL,Y022,F,POP,p,42907
2024S2,TOTAL,Y022,TOTAL,POP,p,90112
2024S2,TOTAL,Y023,M,POP,p,47792
2024S2,TOTAL,Y023,F,POP,p,44054
2024S2,TOTAL,Y023,TOTAL,POP,p,91846
2024S2,TOTAL,Y024,M,POP,p,48099
2024S2,TOTAL,Y024,F,POP,p,44916
2024S2,TOTAL,Y024,TOTAL,POP,p,93015
2024S2,TOTAL,Y025,M,POP,p,47916
2024S2,TOTAL,Y025,F,POP,p,44611
2024S2,TOTAL,Y025,TOTAL,POP,p,92527
2024S2,TOTAL,Y026,M,POP,p,48395
2024S2,TOTAL,Y026,F,POP,p,45330
2024S2,TOTAL,Y026,TOTAL,POP,p,93725
2024S2,TOTAL,Y027,M,POP,p,48873
2024S2,TOTAL,Y027,F,POP,p,46115
2024S2,TOTAL,Y027,TOTAL,POP,p,94988
2024S2,TOTAL,Y028,M,POP,p,49160
2024S2,TOTAL,Y028,F,POP,p,46545
2024S2,TOTAL,Y028,TOTAL,POP,p,95705
2024S2,TOTAL,Y029,M,POP,p,49850
2024S2,TOTAL,Y029,F,POP,p,47673
2024S2,TOTAL,Y029,TOTAL,POP,p,97523
2024S2,TOTAL,Y030,M,POP,p,50708
2024S2,TOTAL,Y030,F,POP,p,48526
2024S2,TOTAL,Y030,TOTAL,POP,p,99234
2024S2,TOTAL,Y031,M,POP,p,51705
2024S2,TOTAL,Y031,F,POP,p,49492
2024S2,TOTAL,Y031,TOTAL,POP,p,101197
2024S2,TOTAL,Y032,M,POP,p,51912
2024S2,TOTAL,Y032,F,POP,p,49714
2024S2,TOTAL,Y032,TOTAL,POP,p,101626
2024S2,TOTAL,Y033,M,POP,p,51686
2024S2,TOTAL,Y033,F,POP,p,49712
2024S2,TOTAL,Y033,TOTAL,POP,p,101398
2024S2,TOTAL,Y034,M,POP,p,51808
2024S2,TOTAL,Y034,F,POP,p,50298
2024S2,TOTAL,Y034,TOTAL,POP,p,102106
2024S2,TOTAL,Y035,M,POP,p,51877
2024S2,TOTAL,Y035,F,POP,p,50817
2024S2,TOTAL,Y035,TOTAL,POP,p,102694
2024S2,TOTAL,Y036,M,POP,p,52144
2024S2,TOTAL,Y036,F,POP,p,51047
2024S2,TOTAL,Y036,TOTAL,POP,p,103191
2024S2,TOTAL,Y037,M,POP,p,52016
2024S2,TOTAL,Y037,F,POP,p,51466
2024S2,TOTAL,Y037,TOTAL,POP,p,103482
2024S2,TOTAL,Y038,M,POP,p,52703
2024S2,TOTAL,Y038,F,POP,p,52653
2024S2,TOTAL,Y038,TOTAL,POP,p,105356
2024S2,TOTAL,Y039,M,POP,p,53998
2024S2,TOTAL,Y039,F,POP,p,53763
2024S2,TOTAL,Y039,TOTAL,POP,p,107761
2024S2,TOTAL,Y040,M,POP,p,54993
2024S2,TOTAL,Y040,F,POP,p,54962
2024S2,TOTAL,Y040,TOTAL,POP,p,109955
2024S2,TOTAL,Y041,M,POP,p,57258
2024S2,TOTAL,Y041,F,POP,p,56838
2024S2,TOTAL,Y041,TOTAL,POP,p,114096
2024S2,TOTAL,Y042,M,POP,p,60025
2024S2,TOTAL,Y042,F,POP,p,58953
2024S2,TOTAL,Y042,TOTAL,POP,p,118978
2024S2,TOTAL,Y043,M,POP,p,62427
2024S2,TOTAL,Y043,F,POP,p,61377
2024S2,TOTAL,Y043,TOTAL,POP,p,123804
2024S2,TOTAL,Y044,M,POP,p,64717
2024S2,TOTAL,Y044,F,POP,p,63537
2024S2,TOTAL,Y044,TOTAL,POP,p,128254
2024S2,TOTAL,Y045,M,POP,p,67428
2024S2,TOTAL,Y045,F,POP,p,65498
2024S2,TOTAL,Y045,TOTAL,POP,p,132926
2024S2,TOTAL,Y046,M,POP,p,69577
2024S2,TOTAL,Y046,F,POP,p,67211
2024S2,TOTAL,Y046,TOTAL,POP,p,136788
2024S2,TOTAL,Y047,M,POP,p,70370
2024S2,TOTAL,Y047,F,POP,p,67925
2024S2,TOTAL,Y047,TOTAL,POP,p,138295
2024S2,TOTAL,Y048,M,POP,p,70660
2024S2,TOTAL,Y048,F,POP,p,68129
2024S2,TOTAL,Y048,TOTAL,POP,p,138789
2024S2,TOTAL,Y049,M,POP,p,70151
2024S2,TOTAL,Y049,F,POP,p,67517
2024S2,TOTAL,Y049,TOTAL,POP,p,137668
2024S2,TOTAL,Y050,M,POP,p,68177
2024S2,TOTAL,Y050,F,POP,p,65941
2024S2,TOTAL,Y050,TOTAL,POP,p,134118
2024S2,TOTAL,Y051,M,POP,p,66110
2024S2,TOTAL,Y051,F,POP,p,64346
2024S2,TOTAL,Y051,TOTAL,POP,p,130456
2024S2,TOTAL,Y052,M,POP,p,64448
2024S2,TOTAL,Y052,F,POP,p,62803
2024S2,TOTAL,Y052,TOTAL,POP,p,127251
2024S2,TOTAL,Y053,M,POP,p,62659
2024S2,TOTAL,Y053,F,POP,p,61228
2024S2,TOTAL,Y053,TOTAL,POP,p,123887
2024S2,TOTAL,Y054,M,POP,p,60678
2024S2,TOTAL,Y054,F,POP,p,59816
2024S2,TOTAL,Y054,TOTAL,POP,p,120494
2024S2,TOTAL,Y055,M,POP,p,58873
2024S2,TOTAL,Y055,F,POP,p,58455
2024S2,TOTAL,Y055,TOTAL,POP,p,117328
2024S2,TOTAL,Y056,M,POP,p,58023
2024S2,TOTAL,Y056,F,POP,p,58017
2024S2,TOTAL,Y056,TOTAL,POP,p,116040
2024S2,TOTAL,Y057,M,POP,p,56915
2024S2,TOTAL,Y057,F,POP,p,57241
2024S2,TOTAL,Y057,TOTAL,POP,p,114156
2024S2,TOTAL,Y058,M,POP,p,55296
2024S2,TOTAL,Y058,F,POP,p,56166
2024S2,TOTAL,Y058,TOTAL,POP,p,111462
2024S2,TOTAL,Y059,M,POP,p,54455
2024S2,TOTAL,Y059,F,POP,p,55921
2024S2,TOTAL,Y059,TOTAL,POP,p,110376
2024S2,TOTAL,Y060,M,POP,p,52197
2024S2,TOTAL,Y060,F,POP,p,54426
2024S2,TOTAL,Y060,TOTAL,POP,p,106623
2024S2,TOTAL,Y061,M,POP,p,49219
2024S2,TOTAL,Y061,F,POP,p,52174
2024S2,TOTAL,Y061,TOTAL,POP,p,101393
2024S2,TOTAL,Y062,M,POP,p,47267
2024S2,TOTAL,Y062,F,POP,p,50852
2024S2,TOTAL,Y062,TOTAL,POP,p,98119
2024S2,TOTAL,Y063,M,POP,p,45945
2024S2,TOTAL,Y063,F,POP,p,50194
2024S2,TOTAL,Y063,TOTAL,POP,p,96139
2024S2,TOTAL,Y064,M,POP,p,44986
2024S2,TOTAL,Y064,F,POP,p,49725
2024S2,TOTAL,Y064,TOTAL,POP,p,94711
2024S2,TOTAL,Y065,M,POP,p,43733
2024S2,TOTAL,Y065,F,POP,p,48801
2024S2,TOTAL,Y065,TOTAL,POP,p,92534
2024S2,TOTAL,Y066,M,POP,p,42528
2024S2,TOTAL,Y066,F,POP,p,47708
2024S2,TOTAL,Y066,TOTAL,POP,p,90236
2024S2,TOTAL,Y067,M,POP,p,40183
2024S2,TOTAL,Y067,F,POP,p,45558
2024S2,TOTAL,Y067,TOTAL,POP,p,85741
2024S2,TOTAL,Y068,M,POP,p,37963
2024S2,TOTAL,Y068,F,POP,p,43476
2024S2,TOTAL,Y068,TOTAL,POP,p,81439
2024S2,TOTAL,Y069,M,POP,p,36471
2024S2,TOTAL,Y069,F,POP,p,42256
2024S2,TOTAL,Y069,TOTAL,POP,p,78727
2024S2,TOTAL,Y070,M,POP,p,35387
2024S2,TOTAL,Y070,F,POP,p,41335
2024S2,TOTAL,Y070,TOTAL,POP,p,76722
2024S2,TOTAL,Y071,M,POP,p,34776
2024S2,TOTAL,Y071,F,POP,p,40900
2024S2,TOTAL,Y071,TOTAL,POP,p,75676
2024S2,TOTAL,Y072,M,POP,p,33090
2024S2,TOTAL,Y072,F,POP,p,39477
2024S2,TOTAL,Y072,TOTAL,POP,p,72567
2024S2,TOTAL,Y073,M,POP,p,30985
2024S2,TOTAL,Y073,F,POP,p,37664
2024S2,TOTAL,Y073,TOTAL,POP,p,68649
2024S2,TOTAL,Y074,M,POP,p,30637
2024S2,TOTAL,Y074,F,POP,p,37695
2024S2,TOTAL,Y074,TOTAL,POP,p,68332
2024S2,TOTAL,Y075,M,POP,p,31408
2024S2,TOTAL,Y075,F,POP,p,39296
2024S2,TOTAL,Y075,TOTAL,POP,p,70704
2024S2,TOTAL,Y076,M,POP,p,30125
2024S2,TOTAL,Y076,F,POP,p,38215
2024S2,TOTAL,Y076,TOTAL,POP,p,68340
2024S2,TOTAL,Y077,M,POP,p,27199
2024S2,TOTAL,Y077,F,POP,p,34856
2024S2,TOTAL,Y077,TOTAL,POP,p,62055
2024S2,TOTAL,Y078,M,POP,p,26111
2024S2,TOTAL,Y078,F,POP,p,34169
2024S2,TOTAL,Y078,TOTAL,POP,p,60280
2024S2,TOTAL,Y079,M,POP,p,25061
2024S2,TOTAL,Y079,F,POP,p,33492
2024S2,TOTAL,Y079,TOTAL,POP,p,58553
2024S2,TOTAL,Y080,M,POP,p,22943
2024S2,TOTAL,Y080,F,POP,p,31362
2024S2,TOTAL,Y080,TOTAL,POP,p,54305
2024S2,TOTAL,Y081,M,POP,p,20162
2024S2,TOTAL,Y081,F,POP,p,27845
2024S2,TOTAL,Y081,TOTAL,POP,p,48007
2024S2,TOTAL,Y082,M,POP,p,17171
2024S2,TOTAL,Y082,F,POP,p,24202
2024S2,TOTAL,Y082,TOTAL,POP,p,41373
2024S2,TOTAL,Y083,M,POP,p,17628
2024S2,TOTAL,Y083,F,POP,p,25375
2024S2,TOTAL,Y083,TOTAL,POP,p,43003
2024S2,TOTAL,Y084,M,POP,p,14519
2024S2,TOTAL,Y084,F,POP,p,21292
2024S2,TOTAL,Y084,TOTAL,POP,p,35811
2024S2,TOTAL,Y085,M,POP,p,10414
2024S2,TOTAL,Y085,F,POP,p,16312
2024S2,TOTAL,Y085,TOTAL,POP,p,26726
2024S2,TOTAL,Y086,M,POP,p,11512
2024S2,TOTAL,Y086,F,POP,p,18918
2024S2,TOTAL,Y086,TOTAL,POP,p,30430
2024S2,TOTAL,Y087,M,POP,p,11634
2024S2,TOTAL,Y087,F,POP,p,20329
2024S2,TOTAL,Y087,TOTAL,POP,p,31963
2024S2,TOTAL,Y088,M,POP,p,10383
2024S2,TOTAL,Y088,F,POP,p,19001
2024S2,TOTAL,Y088,TOTAL,POP,p,29384
2024S2,TOTAL,Y089,M,POP,p,8795
2024S2,TOTAL,Y089,F,POP,p,16639
2024S2,TOTAL,Y089,TOTAL,POP,p,25434
2024S2,TOTAL,Y090,M,POP,p,7320
2024S2,TOTAL,Y090,F,POP,p,14952
2024S2,TOTAL,Y090,TOTAL,POP,p,22272
2024S2,TOTAL,Y091,M,POP,p,6076
2024S2,TOTAL,Y091,F,POP,p,13265
2024S2,TOTAL,Y091,TOTAL,POP,p,19341
2024S2,TOTAL,Y092,M,POP,p,4837
2024S2,TOTAL,Y092,F,POP,p,11243
2024S2,TOTAL,Y092,TOTAL,POP,p,16080
2024S2,TOTAL,Y093,M,POP,p,3638
2024S2,TOTAL,Y093,F,POP,p,9331
2024S2,TOTAL,Y093,TOTAL,POP,p,12969
2024S2,TOTAL,Y094,M,POP,p,2650
2024S2,TOTAL,Y094,F,POP,p,7317
2024S2,TOTAL,Y094,TOTAL,POP,p,9967
2024S2,TOTAL,Y095,M,POP,p,1885
2024S2,TOTAL,Y095,F,POP,p,5465
2024S2,TOTAL,Y095,TOTAL,POP,p,7350
2024S2,TOTAL,Y096,M,POP,p,1304
2024S2,TOTAL,Y096,F,POP,p,4137
2024S2,TOTAL,Y096,TOTAL,POP,p,5441
2024S2,TOTAL,Y097,M,POP,p,863
2024S2,TOTAL,Y097,F,POP,p,3028
2024S2,TOTAL,Y097,TOTAL,POP,p,3891
2024S2,TOTAL,Y098,M,POP,p,575
2024S2,TOTAL,Y098,F,POP,p,2187
2024S2,TOTAL,Y098,TOTAL,POP,p,2762
2024S2,TOTAL,Y099,M,POP,p,367
2024S2,TOTAL,Y099,F,POP,p,1496
2024S2,TOTAL,Y099,TOTAL,POP,p,1863
2024S2,TOTAL,Y_GE100,M,POP,p,439
2024S2,TOTAL,Y_GE100,F,POP,p,2416
2024S2,TOTAL,Y_GE100,TOTAL,POP,p,2855
2024S2,TOTAL,TOTAL,M,POP,p,3974342
2024S2,TOTAL,TOTAL,F,POP,p,4093112
2024S2,TOTAL,TOTAL,TOTAL,POP,p,8067454
